ano,muertes_motociclistas ,porcentaje_cambio
2020,29,55.172413793103445
2021,45,55.172413793103445
